Security,AMZN US Equity,
Start Date,10/04/2020 00:00,
End Date,04/04/2025 00:00,
Period,W,
Currency,USD,
,,
Date,PX_LAST,PX_BID
04/04/2025,171,170.98
28/03/2025,192.72,192.63
21/03/2025,196.21,196.16
14/03/2025,197.95,197.93
07/03/2025,199.25,199.24
28/02/2025,212.28,212.11
21/02/2025,216.58,216.48
14/02/2025,228.68,228.64
07/02/2025,229.15,229.14
31/01/2025,237.68,237.57
24/01/2025,234.85,234.81
17/01/2025,225.94,225.95
10/01/2025,218.94,218.87
03/01/2025,224.19,224.13
27/12/2024,223.75,223.8
20/12/2024,224.92,225.22
13/12/2024,227.46,227.42
06/12/2024,227.03,227.03
29/11/2024,207.89,207.89
22/11/2024,197.12,197.06
15/11/2024,202.61,202.53
08/11/2024,208.18,208.24
01/11/2024,197.93,197.86
25/10/2024,187.83,187.81
18/10/2024,188.99,188.95
11/10/2024,188.82,188.82
04/10/2024,186.51,186.51
27/09/2024,187.97,187.86
20/09/2024,191.6,191.6
13/09/2024,186.49,186.44
06/09/2024,171.39,171.42
30/08/2024,178.5,178.48
23/08/2024,177.04,177
16/08/2024,177.06,177.04
09/08/2024,166.94,166.94
02/08/2024,167.9,167.8
26/07/2024,182.5,182.53
19/07/2024,183.13,183.1
12/07/2024,194.49,194.44
05/07/2024,200,199.98
28/06/2024,193.25,193.34
21/06/2024,189.08,189.01
14/06/2024,183.66,183.65
07/06/2024,184.3,184.26
31/05/2024,176.44,176.44
24/05/2024,180.75,180.73
17/05/2024,184.7,184.7
10/05/2024,187.48,187.44
03/05/2024,186.21,186.24
26/04/2024,179.62,179.61
19/04/2024,174.63,174.58
12/04/2024,186.13,186.15
05/04/2024,185.07,184.93
29/03/2024,180.38,180.24
22/03/2024,178.87,178.85
15/03/2024,174.42,174.42
08/03/2024,175.35,175.31
01/03/2024,178.22,178.22
23/02/2024,174.99,174.94
16/02/2024,169.51,169.5
09/02/2024,174.45,174.52
02/02/2024,171.81,171.8
26/01/2024,159.12,159.07
19/01/2024,155.34,155.32
12/01/2024,154.62,154.6
05/01/2024,145.24,145.23
29/12/2023,151.94,151.94
22/12/2023,153.42,153.44
15/12/2023,149.97,149.65
08/12/2023,147.42,147.41
01/12/2023,147.03,146.96
24/11/2023,146.74,146.72
17/11/2023,145.18,145.17
10/11/2023,143.56,143.56
03/11/2023,138.6,138.53
27/10/2023,127.74,127.77
20/10/2023,125.17,125.12
13/10/2023,129.79,129.81
06/10/2023,127.96,127.94
29/09/2023,127.12,127.11
22/09/2023,129.12,129.08
15/09/2023,140.39,140.4
08/09/2023,138.23,138.22
01/09/2023,138.12,138.13
25/08/2023,133.26,133.22
18/08/2023,133.22,133.22
11/08/2023,138.41,138.45
04/08/2023,139.57,139.57
28/07/2023,132.21,132.19
21/07/2023,130,129.89
14/07/2023,134.68,134.71
07/07/2023,129.78,129.76
30/06/2023,130.36,130.28
23/06/2023,129.33,129.33
16/06/2023,125.49,125.53
09/06/2023,123.43,123.46
02/06/2023,124.25,124.29
26/05/2023,120.11,120.08
19/05/2023,116.25,116.26
12/05/2023,110.26,110.26
05/05/2023,105.655,105.65
28/04/2023,105.45,105.47
21/04/2023,106.96,106.97
14/04/2023,102.51,102.53
07/04/2023,102.06,102.04
31/03/2023,103.29,103.28
24/03/2023,98.13,98.15
17/03/2023,98.95,98.95
10/03/2023,90.73,90.73
03/03/2023,94.9,94.89
24/02/2023,93.5,93.49
17/02/2023,97.2,97.19
10/02/2023,97.61,97.58
03/02/2023,103.39,103.35
27/01/2023,102.24,102.24
20/01/2023,97.25,97.18
13/01/2023,98.12,98.1
06/01/2023,86.08,86.03
30/12/2022,84,83.98
23/12/2022,85.25,85.26
16/12/2022,87.86,87.74
09/12/2022,89.09,89.09
02/12/2022,94.13,94.11
25/11/2022,93.41,93.44
18/11/2022,94.14,94.15
11/11/2022,100.79,100.78
04/11/2022,90.98,90.99
28/10/2022,103.41,103.38
21/10/2022,119.32,119.31
14/10/2022,106.9,106.93
07/10/2022,114.56,114.56
30/09/2022,113,113.02
23/09/2022,113.78,113.81
16/09/2022,123.53,123.53
09/09/2022,133.27,133.26
02/09/2022,127.51,127.66
26/08/2022,130.75,130.75
19/08/2022,138.23,138.21
12/08/2022,143.55,143.53
05/08/2022,140.8,140.79
29/07/2022,134.95,134.95
22/07/2022,122.42,122.46
15/07/2022,113.55,113.57
08/07/2022,115.54,115.53
01/07/2022,109.56,109.55
24/06/2022,116.46,116.66
17/06/2022,106.22,106.16
10/06/2022,109.65,109.62
03/06/2022,122.35,122.348
27/05/2022,115.146,115.169
20/05/2022,107.591,107.588
13/05/2022,113.055,113.028
06/05/2022,114.773,114.746
29/04/2022,124.282,124.281
22/04/2022,144.35,144.303
15/04/2022,151.707,151.65
08/04/2022,154.461,154.458
01/04/2022,163.56,163.565
25/03/2022,164.773,164.773
18/03/2022,161.251,161.285
11/03/2022,145.525,145.479
04/03/2022,145.641,145.553
25/02/2022,153.789,153.802
18/02/2022,152.602,152.585
11/02/2022,153.294,153.137
04/02/2022,157.64,157.603
28/01/2022,143.978,143.923
21/01/2022,142.643,142.558
14/01/2022,162.138,162.096
07/01/2022,162.554,162.55
31/12/2021,166.717,166.709
24/12/2021,171.069,170.989
17/12/2021,170.017,169.924
10/12/2021,172.212,172.181
03/12/2021,169.49,169.498
26/11/2021,175.228,175.269
19/11/2021,183.829,183.79
12/11/2021,176.258,176.258
05/11/2021,175.95,175.834
29/10/2021,168.622,168.622
22/10/2021,166.778,166.772
15/10/2021,170.451,170.451
08/10/2021,164.431,164.431
01/10/2021,164.163,164.083
24/09/2021,171.276,171.282
17/09/2021,173.126,173.046
10/09/2021,173.458,173.462
03/09/2021,173.903,173.939
27/08/2021,167.482,167.451
20/08/2021,159.998,159.916
13/08/2021,164.699,164.693
06/08/2021,167.247,167.232
30/07/2021,166.38,166.38
23/07/2021,182.832,182.805
16/07/2021,178.682,178.614
09/07/2021,185.967,185.888
02/07/2021,175.549,175.501
25/06/2021,170.073,170.162
18/06/2021,174.345,174.296
11/06/2021,167.342,167.285
04/06/2021,160.311,160.291
28/05/2021,161.154,161.215
21/05/2021,160.154,160.084
14/05/2021,161.145,161.066
07/05/2021,164.581,164.51
30/04/2021,173.371,173.424
23/04/2021,167.044,167
16/04/2021,169.972,169.857
09/04/2021,168.61,168.531
02/04/2021,158.05,158.051
26/03/2021,152.602,152.57
19/03/2021,153.748,153.53
12/03/2021,154.474,154.491
05/03/2021,150.023,149.923
26/02/2021,154.647,154.501
19/02/2021,162.495,162.495
12/02/2021,163.886,163.886
05/02/2021,167.608,167.61
29/01/2021,160.31,160.286
22/01/2021,164.612,164.5
15/01/2021,155.213,155.203
08/01/2021,159.135,159.093
01/01/2021,162.847,162.82
25/12/2020,158.635,158.558
18/12/2020,160.083,160.054
11/12/2020,155.821,155.802
04/12/2020,158.129,158.129
27/11/2020,159.767,159.767
20/11/2020,154.97,154.93
13/11/2020,156.441,156.37
06/11/2020,165.569,165.52
30/10/2020,151.808,151.807
23/10/2020,160.22,160.194
16/10/2020,163.636,157.816
09/10/2020,164.333,164.349
02/10/2020,156.25,156.25
25/09/2020,154.757,154.733
18/09/2020,147.746,147.632
11/09/2020,155.811,155.822
04/09/2020,164.731,164.631
28/08/2020,170.09,170.09
21/08/2020,164.236,164.214
14/08/2020,157.401,157.35
07/08/2020,158.373,158.268
31/07/2020,158.234,158.193
24/07/2020,150.445,150.446
17/07/2020,148.099,148.027
10/07/2020,160,160
03/07/2020,144.515,144.378
26/06/2020,134.644,134.644
19/06/2020,133.751,133.5
12/06/2020,127.251,127.127
05/06/2020,124.15,124.137
29/05/2020,122.119,121.658
22/05/2020,121.844,121.791
15/05/2020,120.489,120.521
08/05/2020,118.981,118.936
01/05/2020,114.302,114.297
24/04/2020,120.511,120.499
17/04/2020,118.75,118.749
10/04/2020,102.138,102.132
