Security,BNDX US Equity,
Start Date,10/04/2024 00:00,
End Date,10/04/2025 00:00,
Period,D,
Currency,USD,
,,
Date,FUND_NET_ASSET_VAL,PX_LAST
10/04/2025,#N/A N/A,49.0084
09/04/2025,48.51,48.77
08/04/2025,48.91,48.96
07/04/2025,48.98,48.86
04/04/2025,49.15,49.08
03/04/2025,48.97,49
02/04/2025,48.76,48.82
01/04/2025,48.74,48.83
31/03/2025,48.73,48.82
28/03/2025,48.72,48.82
27/03/2025,48.59,48.65
26/03/2025,48.58,48.62
25/03/2025,48.54,48.62
24/03/2025,48.58,48.61
21/03/2025,48.6,48.66
20/03/2025,48.57,48.69
19/03/2025,48.62,48.72
18/03/2025,48.54,48.57
17/03/2025,48.49,48.54
14/03/2025,48.38,48.46
13/03/2025,48.42,48.48
12/03/2025,48.38,48.41
11/03/2025,48.34,48.33
10/03/2025,48.46,48.5
07/03/2025,48.39,48.49
06/03/2025,48.47,48.49
05/03/2025,48.53,48.61
04/03/2025,48.91,48.93
03/03/2025,49.16,49.33
28/02/2025,49.37,49.5
27/02/2025,49.29,49.33
26/02/2025,49.3,49.38
25/02/2025,49.21,49.28
24/02/2025,49.01,49.09
21/02/2025,49.12,49.2
20/02/2025,48.9,48.97
19/02/2025,48.89,48.99
18/02/2025,48.98,49.05
14/02/2025,49.13,49.18
13/02/2025,49.17,49.28
12/02/2025,49,49.07
11/02/2025,49.13,49.2
10/02/2025,49.25,49.37
07/02/2025,49.27,49.31
06/02/2025,49.27,49.38
05/02/2025,49.29,49.38
04/02/2025,49.18,49.29
03/02/2025,49.18,49.22
31/01/2025,49.08,49.17
30/01/2025,49.02,49.12
29/01/2025,48.9,48.98
28/01/2025,48.94,48.99
27/01/2025,48.91,48.99
24/01/2025,48.78,48.88
23/01/2025,48.83,48.91
22/01/2025,48.89,48.93
21/01/2025,48.89,48.97
17/01/2025,48.78,48.9
16/01/2025,48.73,48.79
15/01/2025,48.62,48.72
14/01/2025,48.34,48.42
13/01/2025,48.44,48.51
10/01/2025,48.48,48.53
08/01/2025,48.66,48.74
07/01/2025,48.75,48.83
06/01/2025,48.86,48.96
03/01/2025,48.89,48.96
02/01/2025,48.99,49.09
31/12/2024,49.01,49.05
30/12/2024,48.99,49.07
27/12/2024,48.86,48.91
26/12/2024,49.02,49.12
24/12/2024,49.01,49.09
23/12/2024,50,50.04
20/12/2024,50.05,50.15
19/12/2024,50,50.03
18/12/2024,50.13,50.07
17/12/2024,50.18,50.28
16/12/2024,50.23,50.29
13/12/2024,50.2,50.29
12/12/2024,50.31,50.31
11/12/2024,50.47,50.56
10/12/2024,50.52,50.54
09/12/2024,50.47,50.57
06/12/2024,50.51,50.61
05/12/2024,50.47,50.55
04/12/2024,50.53,50.61
03/12/2024,50.45,50.51
02/12/2024,50.46,50.55
29/11/2024,50.44,50.55
27/11/2024,50.18,50.3
26/11/2024,50.15,50.23
25/11/2024,50.1,50.25
22/11/2024,50,50.04
21/11/2024,49.82,49.92
20/11/2024,49.82,49.88
19/11/2024,49.87,49.94
18/11/2024,49.86,49.94
15/11/2024,49.87,49.96
14/11/2024,49.84,49.87
13/11/2024,49.68,49.78
12/11/2024,49.73,49.82
11/11/2024,49.9,49.93
08/11/2024,49.82,49.89
07/11/2024,49.62,49.76
06/11/2024,49.61,49.65
05/11/2024,49.69,49.79
04/11/2024,49.67,49.78
01/11/2024,49.6,49.69
31/10/2024,49.8,49.82
30/10/2024,49.73,49.79
29/10/2024,49.9,49.98
28/10/2024,49.95,50.04
25/10/2024,49.94,49.98
24/10/2024,49.97,50.02
23/10/2024,49.86,49.93
22/10/2024,49.88,49.96
21/10/2024,49.92,49.98
18/10/2024,50.16,50.24
17/10/2024,50.08,50.17
16/10/2024,50.12,50.2
15/10/2024,50.02,50.09
14/10/2024,49.85,49.94
11/10/2024,49.85,49.94
10/10/2024,49.82,49.92
09/10/2024,49.78,49.88
08/10/2024,49.85,49.97
07/10/2024,49.84,49.97
04/10/2024,49.97,50.04
03/10/2024,50.13,50.16
02/10/2024,50.23,50.3
01/10/2024,50.34,50.43
30/09/2024,50.26,50.28
27/09/2024,50.24,50.3
26/09/2024,50.11,50.24
25/09/2024,50.14,50.18
24/09/2024,50.22,50.32
23/09/2024,50.15,50.22
20/09/2024,50.07,50.17
19/09/2024,50.08,50.16
18/09/2024,50.09,50.14
17/09/2024,50.23,50.29
16/09/2024,50.28,50.35
13/09/2024,50.19,50.28
12/09/2024,50.12,50.19
11/09/2024,50.17,50.27
10/09/2024,50.12,50.22
09/09/2024,50.05,50.13
06/09/2024,49.94,50
05/09/2024,49.94,49.98
04/09/2024,49.88,49.97
03/09/2024,49.68,49.78
30/08/2024,49.67,49.76
29/08/2024,49.75,49.8
28/08/2024,49.76,49.83
27/08/2024,49.75,49.85
26/08/2024,49.85,49.88
23/08/2024,49.86,49.96
22/08/2024,49.77,49.82
21/08/2024,49.91,49.98
20/08/2024,49.84,49.91
19/08/2024,49.74,49.82
16/08/2024,49.75,49.85
15/08/2024,49.73,49.8
14/08/2024,49.89,49.94
13/08/2024,49.82,49.9
12/08/2024,49.7,49.79
09/08/2024,49.67,49.74
08/08/2024,49.53,49.57
07/08/2024,49.51,49.55
06/08/2024,49.61,49.63
05/08/2024,49.7,49.89
02/08/2024,49.76,49.88
01/08/2024,49.53,49.58
31/07/2024,49.52,49.61
30/07/2024,49.34,49.43
29/07/2024,49.31,49.36
26/07/2024,49.15,49.23
25/07/2024,49.06,49.09
24/07/2024,48.92,48.98
23/07/2024,49.01,49.08
22/07/2024,48.93,49.04
19/07/2024,49,49.08
18/07/2024,49.08,49.14
17/07/2024,49.12,49.2
16/07/2024,49.12,49.22
15/07/2024,48.95,49.04
12/07/2024,48.92,48.99
11/07/2024,48.85,48.94
10/07/2024,48.74,48.85
09/07/2024,48.65,48.74
08/07/2024,48.73,48.78
05/07/2024,48.65,48.76
03/07/2024,48.55,48.66
02/07/2024,48.4,48.52
01/07/2024,48.38,48.42
28/06/2024,48.55,48.67
27/06/2024,48.68,48.75
26/06/2024,48.68,48.71
25/06/2024,48.83,48.94
24/06/2024,48.84,48.9
21/06/2024,48.81,48.93
20/06/2024,48.83,48.88
18/06/2024,48.89,48.96
17/06/2024,48.79,48.84
14/06/2024,48.86,48.95
13/06/2024,48.73,48.8
12/06/2024,48.57,48.64
11/06/2024,48.41,48.51
10/06/2024,48.32,48.38
07/06/2024,48.52,48.53
06/06/2024,48.68,48.73
05/06/2024,48.72,48.76
04/06/2024,48.59,48.64
03/06/2024,48.48,48.54
31/05/2024,48.37,48.46
30/05/2024,48.33,48.39
29/05/2024,48.23,48.24
28/05/2024,48.42,48.45
24/05/2024,48.51,48.59
23/05/2024,48.49,48.56
22/05/2024,48.59,48.64
21/05/2024,48.69,48.75
20/05/2024,48.62,48.69
17/05/2024,48.63,48.73
16/05/2024,48.77,48.86
15/05/2024,48.82,48.92
14/05/2024,48.53,48.6
13/05/2024,48.57,48.67
10/05/2024,48.58,48.66
09/05/2024,48.67,48.78
08/05/2024,48.7,48.8
07/05/2024,48.77,48.85
06/05/2024,48.63,48.75
03/05/2024,48.56,48.68
02/05/2024,48.42,48.51
01/05/2024,48.31,48.41
30/04/2024,48.36,48.41
29/04/2024,48.47,48.56
26/04/2024,48.33,48.44
25/04/2024,48.23,48.31
24/04/2024,48.34,48.37
23/04/2024,48.48,48.58
22/04/2024,48.56,48.65
19/04/2024,48.49,48.59
18/04/2024,48.49,48.54
17/04/2024,48.54,48.61
16/04/2024,48.46,48.55
15/04/2024,48.63,48.68
12/04/2024,48.77,48.88
11/04/2024,48.6,48.71
10/04/2024,48.69,48.73
