Security,DAX Index,
Start Date,10/04/2020 00:00,
End Date,04/04/2025 00:00,
Period,W,
Currency,EUR,
,,
Date,TOT_RETURN_INDEX_GROSS_DVDS,PX_LAST
04/04/2025,20641.72,20641.72
28/03/2025,22461.52,22461.52
21/03/2025,22891.68,22891.68
14/03/2025,22986.82,22986.82
07/03/2025,23008.94,23008.94
28/02/2025,22551.43,22551.43
21/02/2025,22287.56,22287.56
14/02/2025,22513.42,22513.42
07/02/2025,21787,21787
31/01/2025,21732.05,21732.05
24/01/2025,21394.93,21394.93
17/01/2025,20903.39,20903.39
10/01/2025,20214.79,20214.79
03/01/2025,19906.08,19906.08
27/12/2024,19984.32,19984.32
20/12/2024,19884.75,19884.75
13/12/2024,20405.92,20405.92
06/12/2024,20384.61,20384.61
29/11/2024,19626.45,19626.45
22/11/2024,19322.59,19322.59
15/11/2024,19210.81,19210.81
08/11/2024,19215.48,19215.48
01/11/2024,19254.97,19254.97
25/10/2024,19463.59,19463.59
18/10/2024,19657.37,19657.37
11/10/2024,19373.83,19373.83
04/10/2024,19120.93,19120.93
27/09/2024,19473.63,19473.63
20/09/2024,18720.01,18720.01
13/09/2024,18699.4,18699.4
06/09/2024,18301.9,18301.9
30/08/2024,18906.92,18906.92
23/08/2024,18633.1,18633.1
16/08/2024,18322.4,18322.4
09/08/2024,17722.88,17722.88
02/08/2024,17661.22,17661.22
26/07/2024,18417.55,18417.55
19/07/2024,18171.93,18171.93
12/07/2024,18748.18,18748.18
05/07/2024,18475.45,18475.45
28/06/2024,18235.45,18235.45
21/06/2024,18163.52,18163.52
14/06/2024,18002.02,18002.02
07/06/2024,18557.27,18557.27
31/05/2024,18497.94,18497.94
24/05/2024,18693.37,18693.37
17/05/2024,18704.42,18704.42
10/05/2024,18772.85,18772.85
03/05/2024,18001.6,18001.6
26/04/2024,18161.01,18161.01
19/04/2024,17737.36,17737.36
12/04/2024,17930.32,17930.32
05/04/2024,18175.04,18175.04
29/03/2024,18492.49,18492.49
22/03/2024,18205.94,18205.94
15/03/2024,17936.65,17936.65
08/03/2024,17814.51,17814.51
01/03/2024,17735.07,17735.07
23/02/2024,17419.33,17419.33
16/02/2024,17117.44,17117.44
09/02/2024,16926.5,16926.5
02/02/2024,16918.21,16918.21
26/01/2024,16961.39,16961.39
19/01/2024,16555.13,16555.13
12/01/2024,16704.56,16704.56
05/01/2024,16594.21,16594.21
29/12/2023,16751.64,16751.64
22/12/2023,16706.18,16706.18
15/12/2023,16751.44,16751.44
08/12/2023,16759.22,16759.22
01/12/2023,16397.52,16397.52
24/11/2023,16029.49,16029.49
17/11/2023,15919.16,15919.16
10/11/2023,15234.39,15234.39
03/11/2023,15189.25,15189.25
27/10/2023,14687.41,14687.41
20/10/2023,14798.47,14798.47
13/10/2023,15186.66,15186.66
06/10/2023,15229.77,15229.77
29/09/2023,15386.58,15386.58
22/09/2023,15557.29,15557.29
15/09/2023,15893.53,15893.53
08/09/2023,15744.75,15744.75
01/09/2023,15840.34,15840.34
25/08/2023,15631.82,15631.82
18/08/2023,15574.26,15574.26
11/08/2023,15832.17,15832.17
04/08/2023,15951.86,15951.86
28/07/2023,16469.75,16469.75
21/07/2023,16177.22,16177.22
14/07/2023,16105.07,16105.07
07/07/2023,15603.4,15603.4
30/06/2023,16147.9,16147.9
23/06/2023,15829.94,15829.94
16/06/2023,16357.63,16357.63
09/06/2023,15949.84,15949.84
02/06/2023,16051.23,16051.23
26/05/2023,15983.97,15983.97
19/05/2023,16275.38,16275.38
12/05/2023,15913.82,15913.82
05/05/2023,15961.02,15961.02
28/04/2023,15922.38,15922.38
21/04/2023,15881.66,15881.66
14/04/2023,15807.5,15807.5
07/04/2023,15597.89,15597.89
31/03/2023,15628.84,15628.84
24/03/2023,14957.23,14957.23
17/03/2023,14768.2,14768.2
10/03/2023,15427.97,15427.97
03/03/2023,15578.39,15578.39
24/02/2023,15209.74,15209.74
17/02/2023,15482,15482
10/02/2023,15307.98,15307.98
03/02/2023,15476.43,15476.43
27/01/2023,15150.03,15150.03
20/01/2023,15033.56,15033.56
13/01/2023,15086.52,15086.52
06/01/2023,14610.02,14610.02
30/12/2022,13923.59,13923.59
23/12/2022,13940.93,13940.93
16/12/2022,13893.07,13893.07
09/12/2022,14370.72,14370.72
02/12/2022,14529.39,14529.39
25/11/2022,14541.38,14541.38
18/11/2022,14431.86,14431.86
11/11/2022,14224.86,14224.86
04/11/2022,13459.85,13459.85
28/10/2022,13243.33,13243.33
21/10/2022,12730.9,12730.9
14/10/2022,12437.81,12437.81
07/10/2022,12273,12273
30/09/2022,12114.36,12114.36
23/09/2022,12284.19,12284.19
16/09/2022,12741.26,12741.26
09/09/2022,13088.21,13088.21
02/09/2022,13050.27,13050.27
26/08/2022,12971.47,12971.47
19/08/2022,13544.52,13544.52
12/08/2022,13795.85,13795.85
05/08/2022,13573.93,13573.93
29/07/2022,13484.05,13484.05
22/07/2022,13253.68,13253.68
15/07/2022,12864.72,12864.72
08/07/2022,13015.23,13015.23
01/07/2022,12813.03,12813.03
24/06/2022,13118.13,13118.13
17/06/2022,13126.26,13126.26
10/06/2022,13761.83,13761.83
03/06/2022,14460.09,14460.09
27/05/2022,14462.19,14462.19
20/05/2022,13981.91,13981.91
13/05/2022,14027.93,14027.93
06/05/2022,13674.29,13674.29
29/04/2022,14097.88,14097.88
22/04/2022,14142.09,14142.09
15/04/2022,14163.85,14163.85
08/04/2022,14283.67,14283.67
01/04/2022,14446.48,14446.48
25/03/2022,14305.76,14305.76
18/03/2022,14413.09,14413.09
11/03/2022,13628.11,13628.11
04/03/2022,13094.54,13094.54
25/02/2022,14567.23,14567.23
18/02/2022,15042.51,15042.51
11/02/2022,15425.12,15425.12
04/02/2022,15099.56,15099.56
28/01/2022,15318.95,15318.95
21/01/2022,15603.88,15603.88
14/01/2022,15883.24,15883.24
07/01/2022,15947.74,15947.74
31/12/2021,15884.86,15884.86
24/12/2021,15756.31,15756.31
17/12/2021,15531.69,15531.69
10/12/2021,15623.31,15623.31
03/12/2021,15169.98,15169.98
26/11/2021,15257.04,15257.04
19/11/2021,16159.97,16159.97
12/11/2021,16094.07,16094.07
05/11/2021,16054.36,16054.36
29/10/2021,15688.77,15688.77
22/10/2021,15542.98,15542.98
15/10/2021,15587.36,15587.36
08/10/2021,15206.13,15206.13
01/10/2021,15156.44,15156.44
24/09/2021,15531.75,15531.75
17/09/2021,15490.17,15490.17
10/09/2021,15609.81,15609.81
03/09/2021,15781.2,15781.2
27/08/2021,15851.75,15851.75
20/08/2021,15808.04,15808.04
13/08/2021,15977.44,15977.44
06/08/2021,15761.45,15761.45
30/07/2021,15544.39,15544.39
23/07/2021,15669.29,15669.29
16/07/2021,15540.31,15540.31
09/07/2021,15687.93,15687.93
02/07/2021,15650.09,15650.09
25/06/2021,15607.97,15607.97
18/06/2021,15448.04,15448.04
11/06/2021,15693.27,15693.27
04/06/2021,15692.9,15692.9
28/05/2021,15519.98,15519.98
21/05/2021,15437.51,15437.51
14/05/2021,15416.64,15416.64
07/05/2021,15399.65,15399.65
30/04/2021,15135.91,15135.91
23/04/2021,15279.62,15279.62
16/04/2021,15459.75,15459.75
09/04/2021,15234.16,15234.16
02/04/2021,15107.17,15107.17
26/03/2021,14748.94,14748.94
19/03/2021,14621,14621
12/03/2021,14502.39,14502.39
05/03/2021,13920.69,13920.69
26/02/2021,13786.29,13786.29
19/02/2021,13993.23,13993.23
12/02/2021,14049.89,14049.89
05/02/2021,14056.72,14056.72
29/01/2021,13432.87,13432.87
22/01/2021,13873.97,13873.97
15/01/2021,13787.73,13787.73
08/01/2021,14049.53,14049.53
01/01/2021,13718.78,13718.78
25/12/2020,13587.23,13587.23
18/12/2020,13630.51,13630.51
11/12/2020,13114.3,13114.3
04/12/2020,13298.96,13298.96
27/11/2020,13335.68,13335.68
20/11/2020,13137.25,13137.25
13/11/2020,13076.72,13076.72
06/11/2020,12480.02,12480.02
30/10/2020,11556.48,11556.48
23/10/2020,12645.75,12645.75
16/10/2020,12908.99,12908.99
09/10/2020,13051.23,13051.23
02/10/2020,12689.04,12689.04
25/09/2020,12469.2,12469.2
18/09/2020,13116.25,13116.25
11/09/2020,13202.84,13202.84
04/09/2020,12842.66,12842.66
28/08/2020,13033.2,13033.2
21/08/2020,12764.8,12764.8
14/08/2020,12901.34,12901.34
07/08/2020,12674.88,12674.88
31/07/2020,12313.36,12313.36
24/07/2020,12838.06,12838.06
17/07/2020,12919.61,12919.61
10/07/2020,12633.71,12633.71
03/07/2020,12528.18,12528.18
26/06/2020,12089.39,12089.39
19/06/2020,12330.76,12330.76
12/06/2020,11949.28,11949.28
05/06/2020,12847.68,12847.68
29/05/2020,11586.85,11586.85
22/05/2020,11073.87,11073.87
15/05/2020,10465.17,10465.17
08/05/2020,10904.48,10904.48
01/05/2020,10861.64,10861.64
24/04/2020,10336.09,10336.09
17/04/2020,10625.78,10625.78
10/04/2020,10564.74,10564.74
