Security,GS US Equity,
Start Date,10/04/2020 00:00,
End Date,04/04/2025 00:00,
Period,W,
Currency,USD,
,,
Date,PX_LAST,PX_BID
04/04/2025,470.81,470.13
28/03/2025,543.12,543.05
21/03/2025,565.14,565.15
14/03/2025,541.41,541.29
07/03/2025,559.67,559.34
28/02/2025,622.29,622.23
21/02/2025,625.6,625.54
14/02/2025,660.55,660.57
07/02/2025,655.9,655.67
31/01/2025,640.4,639.84
24/01/2025,636.9,636.67
17/01/2025,625.94,626.16
10/01/2025,560,559.85
03/01/2025,580.13,579.93
27/12/2024,576.18,576.29
20/12/2024,566.1,566.35
13/12/2024,585.48,585.34
06/12/2024,599.68,599.5
29/11/2024,608.57,609.23
22/11/2024,602.78,602.79
15/11/2024,593.54,593.65
08/11/2024,589.26,589.26
01/11/2024,519.35,519.41
25/10/2024,512.6,512.48
18/10/2024,528.5,528.35
11/10/2024,516.3,516.39
04/10/2024,495.16,495.16
27/09/2024,498.51,498.48
20/09/2024,498.43,498.59
13/09/2024,478.99,479.18
06/09/2024,479.61,479.62
30/08/2024,510.25,510.07
23/08/2024,509.42,509.23
16/08/2024,504.26,504.24
09/08/2024,490.26,490.42
02/08/2024,470.64,470.05
26/07/2024,499.03,499.45
19/07/2024,484.93,484.91
12/07/2024,479.88,480.28
05/07/2024,464.75,464.59
28/06/2024,452.32,452.19
21/06/2024,450.18,450.3
14/06/2024,446.46,446.46
07/06/2024,454.91,454.87
31/05/2024,456.52,456.53
24/05/2024,461.18,461.33
17/05/2024,467.72,467.73
10/05/2024,454.73,454.49
03/05/2024,438.18,438.29
26/04/2024,427.57,427.57
19/04/2024,404,403.85
12/04/2024,389.49,389.64
05/04/2024,408.07,408.07
29/03/2024,417.69,417.59
22/03/2024,406.82,406.74
15/03/2024,387.21,387.2
08/03/2024,386.99,386.98
01/03/2024,388.1,387.94
23/02/2024,391.05,391.05
16/02/2024,384.44,384.33
09/02/2024,384.26,384.09
02/02/2024,387.86,387.63
26/01/2024,377.79,377.79
19/01/2024,382.2,382.17
12/01/2024,377.75,377.81
05/01/2024,386.44,386.47
29/12/2023,385.77,385.67
22/12/2023,380.65,380.83
15/12/2023,380.51,380.25
08/12/2023,350.83,350.78
01/12/2023,348.43,348.4
24/11/2023,339.15,338.95
17/11/2023,339.19,339.21
10/11/2023,325.51,325.61
03/11/2023,327.62,327.37
27/10/2023,289.91,289.79
20/10/2023,300.05,299.99
13/10/2023,309.3,309.3
06/10/2023,312.48,312.33
29/09/2023,323.57,323.64
22/09/2023,327.89,327.77
15/09/2023,342.54,342.47
08/09/2023,325.52,325.48
01/09/2023,327.4,327.39
25/08/2023,320.15,320.23
18/08/2023,324.93,324.9
11/08/2023,340.73,340.83
04/08/2023,353.22,353.46
28/07/2023,353.23,353.18
21/07/2023,351.96,351.82
14/07/2023,326.19,326.32
07/07/2023,315.17,315.06
30/06/2023,322.54,322.46
23/06/2023,314.71,314.72
16/06/2023,338.31,338.27
09/06/2023,336.02,336.06
02/06/2023,323.65,323.56
26/05/2023,332.01,331.78
19/05/2023,326.15,326.14
12/05/2023,319.5,319.5
05/05/2023,327.02,327.07
28/04/2023,343.44,343.47
21/04/2023,341.66,341.7
14/04/2023,336.92,336.88
07/04/2023,322.4,322.38
31/03/2023,327.11,326.98
24/03/2023,312.57,312.62
17/03/2023,303.54,303.28
10/03/2023,327.67,327.76
03/03/2023,357.09,357.04
24/02/2023,363.85,363.72
17/02/2023,368.5,368.62
10/02/2023,371.28,371.25
03/02/2023,369.95,369.78
27/01/2023,353.7,353.66
20/01/2023,341.84,341.91
13/01/2023,374,374
06/01/2023,348.08,347.96
30/12/2022,343.38,343.37
23/12/2022,345.51,345.59
16/12/2022,346.35,346.08
09/12/2022,359.14,359.28
02/12/2022,380.58,380.22
25/11/2022,388.86,388.55
18/11/2022,379.2,379.22
11/11/2022,385.17,385.16
04/11/2022,357.91,358.04
28/10/2022,341.82,341.73
21/10/2022,325.1,325.26
14/10/2022,299.99,300.11
07/10/2022,301.08,300.92
30/09/2022,293.05,293.11
23/09/2022,301.97,302.19
16/09/2022,326.21,325.84
09/09/2022,340.1,340.24
02/09/2022,331.48,331.59
26/08/2022,336.4,336.19
19/08/2022,349.27,349.18
12/08/2022,353.82,353.78
05/08/2022,334.67,334.67
29/07/2022,333.39,333.52
22/07/2022,323.93,324.16
15/07/2022,293.87,293.45
08/07/2022,296.47,296.6
01/07/2022,299.23,299.18
24/06/2022,302.75,303.02
17/06/2022,279.79,279.75
10/06/2022,287.02,286.96
03/06/2022,318.68,318.6
27/05/2022,328.58,328.48
20/05/2022,306.8,306.71
13/05/2022,306.99,307.07
06/05/2022,312.96,312.77
29/04/2022,305.49,305.5
22/04/2022,319.77,319.75
15/04/2022,321.64,321.45
08/04/2022,321.39,321.53
01/04/2022,330.22,330.14
25/03/2022,337.49,337.5
18/03/2022,345.38,345.45
11/03/2022,327,327.1
04/03/2022,329.67,329.42
25/02/2022,350.12,350.17
18/02/2022,346.04,346.05
11/02/2022,363.06,362.85
04/02/2022,367.6,367.46
28/01/2022,347.01,346.94
21/01/2022,343.91,343.64
14/01/2022,380.94,380.95
07/01/2022,397.51,397.51
31/12/2021,382.55,382.47
24/12/2021,385.04,384.94
17/12/2021,381.8,381.83
10/12/2021,391.06,390.88
03/12/2021,382.73,382.47
26/11/2021,389.39,388.98
19/11/2021,387.39,387.23
12/11/2021,404.91,404.75
05/11/2021,407.08,407.08
29/10/2021,413.35,413.52
22/10/2021,414.32,414.31
15/10/2021,406.07,406.08
08/10/2021,392.81,392.82
01/10/2021,380,379.92
24/09/2021,390.85,390.85
17/09/2021,391.46,391.35
10/09/2021,403.48,403.48
03/09/2021,411.31,411.3
27/08/2021,419.69,419.52
20/08/2021,395.87,396.02
13/08/2021,410.78,410.69
06/08/2021,397.89,397.74
30/07/2021,374.88,374.86
23/07/2021,374.05,373.88
16/07/2021,364.8,364.55
09/07/2021,371.76,371.77
02/07/2021,374.16,374.04
25/06/2021,368.77,368.78
18/06/2021,348.83,348.71
11/06/2021,378.05,378.1
04/06/2021,391.45,391.44
28/05/2021,372.02,372.04
21/05/2021,366.26,366.27
14/05/2021,368.77,368.57
07/05/2021,370.89,370.62
30/04/2021,348.45,348.21
23/04/2021,339.35,339.31
16/04/2021,342.31,342.14
09/04/2021,330.81,330.8
02/04/2021,327.64,327.84
26/03/2021,327.39,327.24
19/03/2021,344.2,344.09
12/03/2021,348.81,348.65
05/03/2021,327.37,327.39
26/02/2021,319.48,319.4
19/02/2021,315.62,315.62
12/02/2021,306.32,306.3
05/02/2021,293.5,293.5
29/01/2021,271.17,271.17
22/01/2021,289.39,289.28
15/01/2021,301.01,301.16
08/01/2021,290.08,289.96
01/01/2021,263.71,263.39
25/12/2020,256.16,256.12
18/12/2020,242.13,241.78
11/12/2020,239.99,239.89
04/12/2020,239.58,239.58
27/11/2020,235.4,235.52
20/11/2020,223.35,223.2
13/11/2020,219.08,219.07
06/11/2020,201.26,201.15
30/10/2020,189.04,189.12
23/10/2020,205.04,205.07
16/10/2020,206.21,206.18
09/10/2020,207.54,207.46
02/10/2020,199.9,199.82
25/09/2020,194.95,194.92
18/09/2020,194.86,194.8
11/09/2020,200.92,200.84
04/09/2020,210.94,210.97
28/08/2020,207.71,207.53
21/08/2020,202.43,202.46
14/08/2020,207.97,208.04
07/08/2020,208.27,208.23
31/07/2020,197.96,197.92
24/07/2020,201.47,201.47
17/07/2020,211.41,211.44
10/07/2020,205.56,205.65
03/07/2020,197.4,197.42
26/06/2020,189.19,189.19
19/06/2020,201.63,201.68
12/06/2020,201.78,201.63
05/06/2020,217.92,217.92
29/05/2020,196.49,196.43
22/05/2020,179.93,179.98
15/05/2020,171.87,171.96
08/05/2020,185.39,185.08
01/05/2020,177.1,177.12
24/04/2020,177,176.87
17/04/2020,183.49,183.41
10/04/2020,184.26,184.22
