Security,GOOGL US Equity,
Start Date,10/04/2020 00:00,
End Date,04/04/2025 00:00,
Period,W,
Currency,USD,
,,
Date,PX_LAST,PX_BID
04/04/2025,145.6,145.51
28/03/2025,154.33,154.32
21/03/2025,163.99,163.99
14/03/2025,165.49,165.42
07/03/2025,173.86,173.83
28/02/2025,170.28,170.29
21/02/2025,179.66,179.64
14/02/2025,185.23,185.16
07/02/2025,185.34,185.34
31/01/2025,204.02,204.01
24/01/2025,200.21,200.18
17/01/2025,196,195.99
10/01/2025,192.04,192.03
03/01/2025,191.79,191.74
27/12/2024,192.76,192.72
20/12/2024,191.41,191.42
13/12/2024,189.82,189.8
06/12/2024,174.71,174.68
29/11/2024,168.95,168.91
22/11/2024,164.76,164.74
15/11/2024,172.49,172.46
08/11/2024,178.35,178.4
01/11/2024,171.29,171.24
25/10/2024,165.27,165.27
18/10/2024,163.42,163.39
11/10/2024,163.24,163.23
04/10/2024,167.06,167.05
27/09/2024,163.95,163.9
20/09/2024,163.59,163.52
13/09/2024,157.46,157.47
06/09/2024,150.92,150.84
30/08/2024,163.38,163.29
23/08/2024,165.62,165.58
16/08/2024,162.96,162.97
09/08/2024,163.67,163.62
02/08/2024,166.66,166.64
26/07/2024,167,166.99
19/07/2024,177.66,177.72
12/07/2024,185.07,185.05
05/07/2024,190.6,190.59
28/06/2024,182.15,182.06
21/06/2024,179.63,179.49
14/06/2024,176.79,176.8
07/06/2024,174.46,174.44
31/05/2024,172.5,172.49
24/05/2024,174.99,174.96
17/05/2024,176.06,176.11
10/05/2024,168.65,168.61
03/05/2024,167.24,167.23
26/04/2024,171.95,171.9
19/04/2024,154.09,154.08
12/04/2024,157.73,157.76
05/04/2024,152.5,152.44
29/03/2024,150.93,150.8
22/03/2024,150.77,150.76
15/03/2024,141.18,141.24
08/03/2024,135.41,135.4
01/03/2024,137.14,137.11
23/02/2024,143.96,143.95
16/02/2024,140.52,140.5
09/02/2024,149,149.03
02/02/2024,142.38,142.37
26/01/2024,152.185,152.17
19/01/2024,146.38,146.37
12/01/2024,142.65,142.61
05/01/2024,135.73,135.71
29/12/2023,139.69,139.7
22/12/2023,141.49,141.5
15/12/2023,132.6,132.5
08/12/2023,134.99,134.96
01/12/2023,131.86,131.82
24/11/2023,136.69,136.66
17/11/2023,135.31,135.28
10/11/2023,132.59,132.6
03/11/2023,129.1,129.06
27/10/2023,122.17,122.17
20/10/2023,135.6,135.59
13/10/2023,137.36,137.34
06/10/2023,137.58,137.59
29/09/2023,130.86,130.81
22/09/2023,130.25,130.22
15/09/2023,137.4,137.41
08/09/2023,136.38,136.41
01/09/2023,135.66,135.66
25/08/2023,129.88,129.86
18/08/2023,127.46,127.45
11/08/2023,129.56,129.59
04/08/2023,128.11,128.14
28/07/2023,132.58,132.61
21/07/2023,120.02,119.97
14/07/2023,125.42,125.48
07/07/2023,119.48,119.45
30/06/2023,119.7,119.7
23/06/2023,122.34,122.37
16/06/2023,123.53,123.52
09/06/2023,122.23,122.25
02/06/2023,124.67,124.68
26/05/2023,124.61,124.6
19/05/2023,122.76,122.76
12/05/2023,117.51,117.51
05/05/2023,105.57,105.57
28/04/2023,107.34,107.33
21/04/2023,105.41,105.41
14/04/2023,108.87,108.87
07/04/2023,108.42,108.39
31/03/2023,103.73,103.66
24/03/2023,105.44,105.47
17/03/2023,101.62,101.62
10/03/2023,90.63,90.63
03/03/2023,93.65,93.65
24/02/2023,89.13,89.16
17/02/2023,94.35,94.34
10/02/2023,94.57,94.56
03/02/2023,104.78,104.74
27/01/2023,99.37,99.37
20/01/2023,98.02,97.98
13/01/2023,92.12,92.06
06/01/2023,87.34,87.32
30/12/2022,88.23,88.22
23/12/2022,89.23,89.21
16/12/2022,90.26,90.23
09/12/2022,92.83,92.78
02/12/2022,100.44,100.42
25/11/2022,97.46,97.47
18/11/2022,97.43,97.44
11/11/2022,96.41,96.38
04/11/2022,86.58,86.61
28/10/2022,96.29,96.27
21/10/2022,101.13,101.11
14/10/2022,96.56,96.58
07/10/2022,98.68,98.75
30/09/2022,95.65,95.67
23/09/2022,98.74,98.77
16/09/2022,102.8,102.8
09/09/2022,110.65,110.65
02/09/2022,107.85,107.86
26/08/2022,110.34,110.34
19/08/2022,117.21,117.2
12/08/2022,121.68,121.67
05/08/2022,117.47,117.46
29/07/2022,116.32,116.32
22/07/2022,107.9,107.9
15/07/2022,111.778,111.789
08/07/2022,119.354,119.351
01/07/2022,108.738,108.709
24/06/2022,117.975,118.001
17/06/2022,107.143,107.072
10/06/2022,111.162,111.133
03/06/2022,114.541,114.486
27/05/2022,112.316,112.295
20/05/2022,108.908,108.892
13/05/2022,116.051,116.052
06/05/2022,115.747,115.628
29/04/2022,114.11,114.083
22/04/2022,119.636,119.512
15/04/2022,126.73,126.717
08/04/2022,133.288,133.204
01/04/2022,140.151,140.151
25/03/2022,141.673,141.671
18/03/2022,136.126,136.078
11/03/2022,129.871,129.791
04/03/2022,131.907,131.874
25/02/2022,134.46,134.406
18/02/2022,130.403,130.418
11/02/2022,134.283,134.2
04/02/2022,143.293,143.272
28/01/2022,133.351,133.244
21/01/2022,130.352,130.21
14/01/2022,139.481,139.403
07/01/2022,137.017,136.982
31/12/2021,144.852,144.852
24/12/2021,146.916,146.848
17/12/2021,141.725,141.677
10/12/2021,148.002,147.998
03/12/2021,142.002,142.024
26/11/2021,142.183,142.231
19/11/2021,148.927,148.899
12/11/2021,148.678,148.712
05/11/2021,148.852,148.855
29/10/2021,148.046,147.971
22/10/2021,137.567,137.558
15/10/2021,141.368,141.374
08/10/2021,139.786,139.802
01/10/2021,136.543,136.375
24/09/2021,142.215,142.215
17/09/2021,140.8,140.765
10/09/2021,140.876,140.877
03/09/2021,143.74,143.719
27/08/2021,144.004,144.001
20/08/2021,137.43,137.396
13/08/2021,137.728,137.713
06/08/2021,135.739,135.731
30/07/2021,134.727,134.705
23/07/2021,133.015,133.015
16/07/2021,126.97,126.901
09/07/2021,125.518,125.457
02/07/2021,125.258,125.258
25/06/2021,122.509,122.509
18/06/2021,120.111,120.031
11/06/2021,121.51,121.458
04/06/2021,119.679,119.661
28/05/2021,117.843,117.843
21/05/2021,114.707,114.708
14/05/2021,113.919,113.871
07/05/2021,117.596,117.544
30/04/2021,117.675,117.712
23/04/2021,114.997,114.971
16/04/2021,114.138,114.121
09/04/2021,113.534,113.485
02/04/2021,106.489,106.479
26/03/2021,101.237,101.232
19/03/2021,101.348,101.247
12/03/2021,102.5,102.499
05/03/2021,104.854,104.768
26/02/2021,101.096,100.997
19/02/2021,104.441,104.38
12/02/2021,104.752,104.751
05/02/2021,104.441,104.438
29/01/2021,91.368,91.218
22/01/2021,94.628,94.608
15/01/2021,86.381,86.381
08/01/2021,89.892,89.9
01/01/2021,87.632,87.541
25/12/2020,86.708,86.716
18/12/2020,86.311,85.982
11/12/2020,88.74,88.708
04/12/2020,91.188,91.187
27/11/2020,89.351,89.297
20/11/2020,86.819,86.778
13/11/2020,88.613,88.577
06/11/2020,87.987,87.914
30/10/2020,80.806,80.813
23/10/2020,81.649,81.602
16/10/2020,78.385,78.375
09/10/2020,75.523,75.472
02/10/2020,72.78,72.728
25/09/2020,71.953,71.953
18/09/2020,72.554,72.453
11/09/2020,75.788,75.749
04/09/2020,79.061,79.024
28/08/2020,81.972,81.941
21/08/2020,78.779,78.782
14/08/2020,75.232,75.19
07/08/2020,74.919,74.893
31/07/2020,74.398,74.393
24/07/2020,75.411,75.411
17/07/2020,75.843,75.779
10/07/2020,76.951,76.951
03/07/2020,73.497,73.49
26/06/2020,68.127,68.101
19/06/2020,71.232,71.181
12/06/2020,70.646,70.646
05/06/2020,72.001,72.001
29/05/2020,71.676,71.573
22/05/2020,70.662,70.662
15/05/2020,68.653,68.674
08/05/2020,69.217,69.217
01/05/2020,65.866,65.866
24/04/2020,63.83,63.788
17/04/2020,63.95,63.95
10/04/2020,60.329,60.338
