Security,TSLA US Equity,
Start Date,10/04/2020 00:00,
End Date,04/04/2025 00:00,
Period,W,
Currency,USD,
,,
Date,PX_LAST,PX_BID
04/04/2025,239.43,239.27
28/03/2025,263.55,263.47
21/03/2025,248.71,249.12
14/03/2025,249.98,249.97
07/03/2025,262.67,262.6
28/02/2025,292.98,293.31
21/02/2025,337.8,337.49
14/02/2025,355.84,355.78
07/02/2025,361.62,361.47
31/01/2025,404.6,404.51
24/01/2025,406.58,406.5
17/01/2025,426.5,426.47
10/01/2025,394.74,394.71
03/01/2025,410.44,410.77
27/12/2024,431.66,431.56
20/12/2024,421.06,420.6
13/12/2024,436.23,436.19
06/12/2024,389.22,389.38
29/11/2024,345.16,345.15
22/11/2024,352.56,352.61
15/11/2024,320.72,320.72
08/11/2024,321.22,321.26
01/11/2024,248.98,248.85
25/10/2024,269.19,269.11
18/10/2024,220.7,220.7
11/10/2024,217.8,217.69
04/10/2024,250.08,249.96
27/09/2024,260.46,260.45
20/09/2024,238.25,238.26
13/09/2024,230.29,230.28
06/09/2024,210.73,210.72
30/08/2024,214.11,214.14
23/08/2024,220.32,220.26
16/08/2024,216.12,216.12
09/08/2024,200,200.01
02/08/2024,207.67,207.59
26/07/2024,219.8,219.92
19/07/2024,239.2,239.15
12/07/2024,248.23,248.68
05/07/2024,251.52,251.4
28/06/2024,197.88,197.97
21/06/2024,183.01,182.99
14/06/2024,178.01,177.93
07/06/2024,177.48,177.4
31/05/2024,178.08,178.09
24/05/2024,179.24,179.3
17/05/2024,177.46,177.57
10/05/2024,168.47,168.46
03/05/2024,181.19,181.18
26/04/2024,168.29,168.24
19/04/2024,147.05,147.01
12/04/2024,171.05,171.06
05/04/2024,164.9,164.85
29/03/2024,175.79,175.76
22/03/2024,170.83,170.74
15/03/2024,163.57,163.59
08/03/2024,175.34,175.34
01/03/2024,202.64,202.6
23/02/2024,191.97,191.9
16/02/2024,199.95,199.96
09/02/2024,193.57,193.57
02/02/2024,187.91,187.82
26/01/2024,183.25,183.22
19/01/2024,212.19,212.13
12/01/2024,218.89,218.78
05/01/2024,237.49,237.43
29/12/2023,248.48,248.48
22/12/2023,252.54,252.53
15/12/2023,253.5,253.33
08/12/2023,243.84,243.72
01/12/2023,238.83,238.75
24/11/2023,235.45,235.52
17/11/2023,234.3,234.35
10/11/2023,214.65,214.67
03/11/2023,219.96,219.91
27/10/2023,207.3,207.29
20/10/2023,211.99,211.92
13/10/2023,251.12,251.12
06/10/2023,260.53,260.5
29/09/2023,250.22,250.23
22/09/2023,244.88,244.73
15/09/2023,274.39,274.36
08/09/2023,248.5,248.42
01/09/2023,245.01,244.92
25/08/2023,238.59,238.56
18/08/2023,215.49,215.42
11/08/2023,242.65,242.64
04/08/2023,253.86,253.85
28/07/2023,266.44,266.47
21/07/2023,260.02,259.94
14/07/2023,281.38,281.39
07/07/2023,274.43,274.43
30/06/2023,261.77,261.68
23/06/2023,256.6,256.52
16/06/2023,260.54,260.49
09/06/2023,244.4,244.38
02/06/2023,213.97,213.97
26/05/2023,193.17,193.15
19/05/2023,180.14,180.13
12/05/2023,167.98,167.98
05/05/2023,170.06,170.07
28/04/2023,164.31,164.31
21/04/2023,165.08,165.05
14/04/2023,185,184.99
07/04/2023,185.06,185.02
31/03/2023,207.46,207.45
24/03/2023,190.41,190.41
17/03/2023,180.13,180.1
10/03/2023,173.44,173.41
03/03/2023,197.79,197.86
24/02/2023,196.88,196.85
17/02/2023,208.31,208.31
10/02/2023,196.89,196.78
03/02/2023,189.98,189.96
27/01/2023,177.9,177.86
20/01/2023,133.42,133.38
13/01/2023,122.4,122.36
06/01/2023,113.06,113.01
30/12/2022,123.18,123.24
23/12/2022,123.15,123.09
16/12/2022,150.23,150.16
09/12/2022,179.05,179.02
02/12/2022,194.86,194.83
25/11/2022,182.86,182.86
18/11/2022,180.19,180.2
11/11/2022,195.97,195.88
04/11/2022,207.47,207.47
28/10/2022,228.52,228.44
21/10/2022,214.44,214.45
14/10/2022,204.99,205.03
07/10/2022,223.07,222.91
30/09/2022,265.25,265.28
23/09/2022,275.33,275.33
16/09/2022,303.35,303.22
09/09/2022,299.68,299.67
02/09/2022,270.21,270.24
26/08/2022,288.09,288.07
19/08/2022,296.6667,296.67
12/08/2022,300.03,299.9967
05/08/2022,288.17,288.0567
29/07/2022,297.15,297.15
22/07/2022,272.2433,272.2633
15/07/2022,240.0667,240.0267
08/07/2022,250.7633,250.6567
01/07/2022,227.2633,227.1267
24/06/2022,245.7067,245.63
17/06/2022,216.76,216.6667
10/06/2022,232.23,232.2667
03/06/2022,234.5167,234.4167
27/05/2022,253.21,253.22
20/05/2022,221.3,221.2967
13/05/2022,256.53,256.53
06/05/2022,288.55,288.38
29/04/2022,290.2533,290.06
22/04/2022,335.0167,334.98
15/04/2022,328.3333,328.32
08/04/2022,341.83,341.78
01/04/2022,361.53,361.4667
25/03/2022,336.88,336.7367
18/03/2022,301.7967,301.7933
11/03/2022,265.1167,265.0433
04/03/2022,279.43,279.41
25/02/2022,269.9567,269.8067
18/02/2022,285.66,285.5633
11/02/2022,286.6667,286.4433
04/02/2022,307.7733,307.62
28/01/2022,282.1167,282
21/01/2022,314.6333,314.2733
14/01/2022,349.87,349.85
07/01/2022,342.32,342.29
31/12/2021,352.26,352.2967
24/12/2021,355.6667,355.82
17/12/2021,310.8567,310.3833
10/12/2021,339.01,338.8233
03/12/2021,338.3233,338.2933
26/11/2021,360.64,360.5933
19/11/2021,379.02,378.8967
12/11/2021,344.4733,344.3367
05/11/2021,407.3633,407.1367
29/10/2021,371.3333,371.3933
22/10/2021,303.2267,303.1667
15/10/2021,281.01,281.01
08/10/2021,261.83,261.8033
01/10/2021,258.4067,258.33
24/09/2021,258.13,258.1367
17/09/2021,253.1633,253.2767
10/09/2021,245.4233,245.3733
03/09/2021,244.5233,244.5367
27/08/2021,237.3067,237.2167
20/08/2021,226.7533,226.6967
13/08/2021,239.0567,239.0567
06/08/2021,233.0333,232.9633
30/07/2021,229.0667,229.1867
23/07/2021,214.46,214.3867
16/07/2021,214.74,214.67
09/07/2021,218.9833,218.91
02/07/2021,226.3,226.25
25/06/2021,223.9567,223.8667
18/06/2021,207.77,207.77
11/06/2021,203.2967,203.2967
04/06/2021,199.6833,199.7433
28/05/2021,208.4067,208.53
21/05/2021,193.6267,193.6267
14/05/2021,196.58,196.51
07/05/2021,224.1233,224.0467
30/04/2021,236.48,236.5667
23/04/2021,243.1333,243.0433
16/04/2021,246.5933,246.5067
09/04/2021,225.6733,225.6667
02/04/2021,220.5833,220.3367
26/03/2021,206.2367,206.1267
19/03/2021,218.29,217.9933
12/03/2021,231.2433,231.2733
05/03/2021,199.3167,198.74
26/02/2021,225.1667,223.7067
19/02/2021,260.4333,260.46
12/02/2021,272.04,272
05/02/2021,284.0767,284.0767
29/01/2021,264.51,264.4067
22/01/2021,282.2133,282.2033
15/01/2021,275.3867,275.3533
08/01/2021,293.34,293.3467
01/01/2021,235.2233,235.07
25/12/2020,220.59,220.54
18/12/2020,231.6667,221.6633
11/12/2020,203.33,203.3
04/12/2020,199.68,199.65
27/11/2020,195.2533,195.1533
20/11/2020,163.2033,163.0133
13/11/2020,136.1667,136.19
06/11/2020,143.3167,143.1467
30/10/2020,129.3467,129.3467
23/10/2020,140.21,140.2
16/10/2020,146.5567,146.5567
09/10/2020,144.6667,144.6367
02/10/2020,138.3633,138.34
25/09/2020,135.78,135.7267
18/09/2020,147.3833,147.0067
11/09/2020,124.24,124.1367
04/09/2020,139.44,139.2233
28/08/2020,147.56,147.4873
21/08/2020,136.6653,136.6
14/08/2020,110.0473,110.054
07/08/2020,96.8473,96.8467
31/07/2020,95.384,95.4593
24/07/2020,94.4667,94.3693
17/07/2020,100.056,100.0007
10/07/2020,102.9767,102.9973
03/07/2020,80.5773,80.5773
26/06/2020,63.9827,64.0027
19/06/2020,66.7267,66.7047
12/06/2020,62.352,62.338
05/06/2020,59.044,59.0167
29/05/2020,55.6667,55.604
22/05/2020,54.4587,54.4267
15/05/2020,53.278,53.2667
08/05/2020,54.628,54.6007
01/05/2020,46.7547,46.754
24/04/2020,48.3433,48.3153
17/04/2020,50.2593,50.2127
10/04/2020,38.2,38.1773
